text,author,created_at,uri,scraped_at
"Rent control without vacancy control is ineffective.

#USPOL #USA #us #uspoli #poli #politics #cdnpoli #canada #MidasMighty #Politics-matter #PoliticsNation #america #anticapitalist #capitalismkills #capitalism #abolishcapitalism #fuckcapitalism #SocialJustice #ClassConsciousness #FalseConsciousness",robduncan.bsky.social,2025-11-03T20:41:13.387Z,at://did:plc:ig6dnt4tqgg7iwwtywx3bkvd/app.bsky.feed.post/3m4quyb7ozs2h,2025-11-03T20:41:45.643193+00:00
Stellantis subject of Canada legal proceedings: Joly share.google/W2hKwkqSm9kX...,bcreality.bsky.social,2025-11-03T20:41:06.523Z,at://did:plc:2pondrlrs5xlg5astgfpm6i5/app.bsky.feed.post/3m4quy2o6wk2i,2025-11-03T20:41:45.643212+00:00
"""They say""

They say a lot of fucking things

I'd rather be in Canada than the US regardless of what 'they say'

I'm sure glad I'm not American regardless of what 'they say'

I'm poor and regardless of what 'they say' I'm doing ok

I'd rather have Mark than Pollievre regardless of what 'they say'",mrsvorpalbunny.bsky.social,2025-11-03T20:41:03.569Z,at://did:plc:iafl5igc2wtqadmua6gis5tj/app.bsky.feed.post/3m4quxxu35c2z,2025-11-03T20:41:45.643215+00:00
"It‚Äôs about time the deeply corrupt, MAGA-aligned, Captain Canada was called out

www.cbc.ca/news/canada/...",consbegone.bsky.social,2025-11-03T20:40:36.220Z,at://did:plc:o6efcxeemtroyo6jfworilno/app.bsky.feed.post/3m4qux5rg5s2w,2025-11-03T20:41:45.643218+00:00
"L'appel √† contribution pour la Conf√©rence ¬´ Du choc √† la transformation : repenser la politique √©conomique ext√©rieure du Canada ¬ª est en cours, et ce, jusqu'au 12 d√©cembre 2025 √† 23h59 (UTC-05‚ÄØ:00) 

event.fourwaves.com/duchocalatra...",esei-ul.bsky.social,2025-11-03T20:40:20.782Z,at://did:plc:bo2hzuzbwxprd3l433va35tn/app.bsky.feed.post/3m4quwp2cxk2k,2025-11-03T20:41:45.643220+00:00
Prescription painkillers shortage in Canada expected to continue into new year (Canada),castanetkamloops.net,2025-11-03T12:40:03-08:00,at://did:plc:qdgl5jkq732vewis5wqvtzbw/app.bsky.feed.post/3m4quw6rfgu2n,2025-11-03T20:41:45.643223+00:00
#Canada #ukraine #america #Portugal #sweeden #melodic,missdjmonique.bsky.social,2025-11-03T20:39:40.306Z,at://did:plc:7fcaggwanpjgs5obw2dhux6o/app.bsky.feed.post/3m4quvijftk2c,2025-11-03T20:41:45.643225+00:00
"How can ‚Äústorying‚Äù ‚Äîthe act of creating and sharing stories to find, suggest, and transmit meaning ‚Äî shape the way we grow and heal following climate impacts like wildfire?",resilienceinstitute.ca,2025-11-03T20:39:24.340088Z,at://did:plc:jeva2qooz7kjzr56byjwbdpk/app.bsky.feed.post/3m4quuzeewq2l,2025-11-03T20:41:45.643228+00:00
"@billkellypodcast.bsky.social ""Don't listen to PP""
#Bluesky #Politics #Resist #Democracy #Resistance #Canadasky #Canada #cdnpoli #Boycotts #America #ùì¢ùìΩùìÆùìøùìÆùìúùì≤ùìµùìÆùìºùìùùìÆùìΩ #neverthe51ststate #BoycottUsCars #MarkCarney #NeverVoteConservative #NeverPierrePoilievre
youtu.be/FgH2CHDjqNc?...",stevemilesnet.bsky.social,2025-11-03T20:39:09.935Z,at://did:plc:px2esgvbnl7ransisaced6wu/app.bsky.feed.post/3m4quuliags2r,2025-11-03T20:41:45.643230+00:00
"Scenic drives through the Canadian Rockies üöóüåÑ (Icefields Parkway, Alberta, Canada)

#canada #alberta #canadianrockies #travel #autumn #fall #roadtrip #photography",argenel.bsky.social,2025-11-03T20:39:04.659Z,at://did:plc:bezg2lqbvlpc52ejad25wlj2/app.bsky.feed.post/3m4quughey22e,2025-11-03T20:41:45.643233+00:00
"Talk is fine. Spending that much money/locking us into a deal without consulting Canada isn't fine. A lot of people are saying wait and see, but when his budget comes out and decimates public services, will they then see that it's a problem and do something about it?",dooodlebugg83.bsky.social,2025-11-03T20:38:56.969Z,at://did:plc:jwiqvf3wxqcqlqy7aght25zo/app.bsky.feed.post/3m4quu74je22q,2025-11-03T20:41:45.643235+00:00
Lunatics in thinking anyone in Canada is going to vote for someone who says AI must become as dear to them as their two most sacred things üòÖ (third is the store called Canadian Tireüôè),palomar-qfwfq.bsky.social,2025-11-03T20:38:22.591Z,at://did:plc:gv3pxhyytw6rihwvunu4l6jy/app.bsky.feed.post/3m4qut6dh222u,2025-11-03T20:41:45.643237+00:00
Radio-Canada Info:  Doug Ford somm√© √† maintes reprises de retirer ses publicit√©s contre les tarifs douaniers ,aricierss.bsky.social,2025-11-03T20:38:19.141Z,at://did:plc:2rker5jsweiukz55nxst6hjk/app.bsky.feed.post/3m4qut35xou2p,2025-11-03T20:41:45.643239+00:00
CBC Canada: Carly Rae Jepsen announces pregnancy,aricierss.bsky.social,2025-11-03T20:38:17.180Z,at://did:plc:2rker5jsweiukz55nxst6hjk/app.bsky.feed.post/3m4quszb7al2x,2025-11-03T20:41:45.643241+00:00
"Donc si on r√©capitule :

üìçMontr√©al : droite 
üìçLe Qu√©bec : droite (de plus en plus) 
üìçLe Canada : centre-droit (mais plus √† droite qu‚Äôau centre)
üìçLes √âtats-Unis : droite (droite dure)
‚Ä¶",matcarbasse.bsky.social,2025-11-03T20:38:09.083Z,at://did:plc:xweyqeta67tevm3ywxmidouc/app.bsky.feed.post/3m4qusrh6ns2f,2025-11-03T20:41:45.643243+00:00
"üçÜBathhouse BabylonüçÜ

What you‚Äôve always wanted to know about the bathhouse world. üí•

üî•Bathhouse Babylon is available on Amazon and other online retailers.

üåà rb.gy/mkpujv 

#book #bathhouse #gay #lgbtq #fetish #sauna #ebook #steambath #usa #canada #uk #europe #sex",gayriviera.bsky.social,2025-11-03T20:37:54.423Z,at://did:plc:slioqpdnlm4s6ys4el4pamby/app.bsky.feed.post/3m4qusdi32222,2025-11-03T20:41:45.643245+00:00
"Canada is leading in safety with the new draft of the CSA standard on respirators.

@dickzoutman.bsky.social, @juliamwright.bsky.social, @mark-ungrin.bsky.social, and I explain key updates that bring protections up to date with the evidence on respirator use against airborne disease transmission.",ryantennant.ca,2025-11-03T20:37:40.010Z,at://did:plc:xx7o52o4rymlkqyzykn7t42b/app.bsky.feed.post/3m4qurvpx2k2o,2025-11-03T20:41:45.643247+00:00
"Feed: ""Water Canada""
Published on Monday, November 3, 2025",longtail.news,2025-11-03T20:37:39.793341+00:00,at://did:plc:o6ggjvnj4ze3mnrpnv5oravg/app.bsky.feed.post/3m4qurvvldm27,2025-11-03T20:41:45.643249+00:00
"Feed: ""Water Canada""
Published on Monday, November 3, 2025",longtail.news,2025-11-03T20:37:34.570736+00:00,at://did:plc:o6ggjvnj4ze3mnrpnv5oravg/app.bsky.feed.post/3m4qurqwhdh2y,2025-11-03T20:41:45.643251+00:00
"I'm arguing online because I am also not entirely sure if I DO like him in particular, I just logically know that voting for either of the two other parties means voting for my own destruction, and likely the end of canada as we know it, too... :)

trying to understand the big picture here",hopeagainsthope.bsky.social,2025-11-03T20:37:24.222Z,at://did:plc:qbruj5d5xw3qqorquiq34a7q/app.bsky.feed.post/3m4qurgo44c2h,2025-11-03T20:41:45.643253+00:00
Canada should throw export duties on auto makers assembly machinery to prevent it wandering across the border.,bcreality.bsky.social,2025-11-03T20:36:32.310Z,at://did:plc:2pondrlrs5xlg5astgfpm6i5/app.bsky.feed.post/3m4qupv5wqs2a,2025-11-03T20:41:45.643255+00:00
"For Canadian Innovation Week, we're highlighting how dignity and self-determination are powerful enablers for youth-led climate innovation. #Youth #Innovation #Canada",artsincubator.ca,2025-11-03T14:36:16-06:00,at://did:plc:icicxvrvp5ikcs3wnde3zrpt/app.bsky.feed.post/3m4qupgv5w52b,2025-11-03T20:41:45.643257+00:00
"Jamaicans rush to ready island for busy tourism season in wake of Hurricane Melissa

Jamaica's peak tourism season is one month away, and officials in the hurricane-ravaged nation are rushing to rebuild from the catastrophic Category 5 storm that shre...

#cbc #cbc-world-news #Canada ",scrubfire84.bsky.social,2025-11-03T20:36:08.248525+00:00,at://did:plc:bnk5d72upa2mfzwglo6ynbs3/app.bsky.feed.post/3m4qup6ban42r,2025-11-03T20:41:45.643258+00:00
"Carly Rae Jepsen announces pregnancy

Canadian singer-songwriter Carly Rae Jepsen is expecting her first child with her new husband, music producer Cole M.G.N.

#cbc #cbc-top-stories #Canada ",scrubfire84.bsky.social,2025-11-03T20:35:56.418732+00:00,at://did:plc:bnk5d72upa2mfzwglo6ynbs3/app.bsky.feed.post/3m4quosy72625,2025-11-03T20:41:45.643260+00:00
"Ottawa summit propels Aerospace Industries Association of Canada to top of comms ranking
#lobbying #cdnpoli
lobbymonitor.ca/2025/11/03/c...",lobbymonitor.bsky.social,2025-11-03T20:35:23.153Z,at://did:plc:ukmih2yfe2qfzn3zmycpbmzr/app.bsky.feed.post/3m4qunt7fnc2s,2025-11-03T20:41:45.643262+00:00
"@elizabethemay.bsky.social I hope you will be voting for the budget tomorrow. As one of your voters, the last thing we need is an election. I need my MP to be Team Canada as we face the threat that is Donal Trump.",lisainyyj.bsky.social,2025-11-03T20:35:06.747Z,at://did:plc:b34xdrf7yns3f525ahvp7qr6/app.bsky.feed.post/3m4qundkr5227,2025-11-03T20:41:45.643264+00:00
"So thankful for this direct flight, now to play my cards right so I can sleep and own this Canada > Europe jet lag üí™üèª",twinfools.bsky.social,2025-11-03T20:35:04.711Z,at://did:plc:6ev2z6lwpkacg6ycpuyuryoq/app.bsky.feed.post/3m4qunbmlus2n,2025-11-03T20:41:45.643266+00:00
Yes! I have been banging this drum too - we need to invest in our own data infrastructure. If only we had a crown corporation we could trust with securely delivering confidential services... [stares in Canada Post],moggyhouse.bsky.social,2025-11-03T20:35:00.020Z,at://did:plc:zdhih6n7ylczr4iac7kchk2o/app.bsky.feed.post/3m4qun55gt22x,2025-11-03T20:41:45.643268+00:00
Oh ESPECIALLY for that Canada comment,magic-alex.bsky.social,2025-11-03T20:34:55.501Z,at://did:plc:zidyszpntc45ukaau4fx4ipn/app.bsky.feed.post/3m4qumytir22m,2025-11-03T20:41:45.643269+00:00
"Way to go, Canada. And how the mighty have fallen. The link explains the methodology. Maple Magas are mad  www.visualcapitalist.com/ranked-count...",canteach.bsky.social,2025-11-03T20:34:55.297Z,at://did:plc:xn6kb4zs2k5ebhui6whi4y33/app.bsky.feed.post/3m4qumynies22,2025-11-03T20:41:45.643271+00:00
CBC out of Canada gives a unique take on our news as well.,rowlandville.bsky.social,2025-11-03T20:34:41.663Z,at://did:plc:ugle3wqlhvhaeer6lzwp3oik/app.bsky.feed.post/3m4qumln73k2r,2025-11-03T20:41:45.643273+00:00
"I‚Äôd hire this electrical company just for the creativity ‚ö°Ô∏è
Let the sparks fly!

#forceelectric #electrician #jeffmillerauthor #roadtrip #travel #canada #lovecanada",jeffmillerauthor.bsky.social,2025-11-03T20:34:27.985Z,at://did:plc:vvj3baq4imciseij5kaxai6i/app.bsky.feed.post/3m4qum6luls2g,2025-11-03T20:41:45.643275+00:00
Xi is encouraging Canada to ditch the US and triple our trade with them.  China has every intention of using Trump's own stupidity as a weapon against America.  The rest of the world is trying to save its economies; none are as deeply affected as Canada.  We will fight back with new deals with China,jupitess.bsky.social,2025-11-03T20:34:23.958Z,at://did:plc:ohllyxul7chvx6yabmc7vhb2/app.bsky.feed.post/3m4qum2qvzk2y,2025-11-03T20:41:45.643276+00:00
I feel like he is targeting Mexico and Canada because Americans are planning to escape to these countries and he wants to stop us from fleeing.,madison8.bsky.social,2025-11-03T20:34:14.284Z,at://did:plc:z7kelm7doyijbn27d3hdnea3/app.bsky.feed.post/3m4qulrjor22j,2025-11-03T20:41:45.643278+00:00
"In Another Installment of: ‚ÄúWhat She Said‚Äù

MP Raquel Dancho thinking that this will make her look good after having her a$$ handed to her by Minister Joly.

‚ù§Ô∏èüçÅüá®üá¶TEAM CANADA FOREVERüá®üá¶üçÅ‚ù§Ô∏è
‚ù§Ô∏èüçÅüá®üá¶VIVE LE CANADA üá®üá¶üçÅ‚ù§Ô∏è",teamcanadaforever.bsky.social,2025-11-03T20:33:56.074Z,at://did:plc:lar2o6mnnvln22w6kgnpifli/app.bsky.feed.post/3m4qula65g22c,2025-11-03T20:41:45.643280+00:00
"www.canada.ca/en/translati...

On October 24, 2025, Public Services and Procurement Canada published a request for standing offers for interpretation services on CanadaBuys. The initial closing date is November 24, 2025,",fagankara.bsky.social,2025-11-03T20:33:37.357Z,at://did:plc:jzjhu672veifvnae33gunnf3/app.bsky.feed.post/3m4qukocrac2a,2025-11-03T20:41:45.643282+00:00
"ü§®üôÑ

I Doug Ford Is NOT Your Friend!

""The premier is still bullish on the ad he says has 12.4 billion views, 
üëâsuggesting it is the most viewed ad ""in the history of the world"" üëà

I TOLD YOU Doug Ford Is Exactly like Trump! 

#DougFord #Canada #Cdnpoli #Onpoli 

www.cbc.ca/news/canada/...",mythicaldragoness.bsky.social,2025-11-03T20:33:19.280Z,at://did:plc:xfxzsqkyjwafy7x4lb5msd2y/app.bsky.feed.post/3m4quk536ts2w,2025-11-03T20:41:45.643283+00:00
"Canada is 1st despite having committed genocide against the true owners and Indigenous peoples of this land, and despite the modern day problems we all face. 

Shows you how shitty the other countries must be. 

Ive lived in one other, and it WAS shitty.",reformedreformer.bsky.social,2025-11-03T20:33:05.468Z,at://did:plc:k4m6vy3vz6s3yaxlyziyvdvb/app.bsky.feed.post/3m4qujpvln224,2025-11-03T20:41:45.643285+00:00
"üì£ JOIN US BEYOND THE STAGE for a PRE-SHOW CHAT! 

‚ñ∂Ô∏è Sunday, November 23 at 1:15 PM

Before THE CHRISTMAS MARKET matin√©e,  Chris Ramsaroop, an organizer for Justice for Migrant Workers, will talk about the issues facing migrant workers in Canada.

For more info: studio180theatre.com/patrons/beyo...",studio180theatre.bsky.social,2025-11-03T20:32:47.116Z,at://did:plc:fiquyrd7o2alfhnkwbac2jqz/app.bsky.feed.post/3m4quj6fmos2o,2025-11-03T20:41:45.643287+00:00
"Lol, I've posted here a few times how I voted by Fax from Canada, about 3 weeks ago.

Absolutely Yes on 50.",gottalaff.bsky.social,2025-11-03T20:32:36.776Z,at://did:plc:xvr6x3yam5mq4a6q2suxbt5u/app.bsky.feed.post/3m4quiunzug2k,2025-11-03T20:41:45.643289+00:00
"So, Canada, this is really effing scary and we need to fight while we still can. Taken together, these bills could give the government the power to harm Canadians the way the GOP are harming people in the US.",nptwrites.bsky.social,2025-11-03T20:32:26.028Z,at://did:plc:mj74pnbpfyirbsrl67ueokwe/app.bsky.feed.post/3m4quikbwzs2d,2025-11-03T20:41:45.643290+00:00
Radio-Canada Grand Montr√©al:  Poulin et Gascon avec le Canada √† la S√©rie de la rivalit√© ,aricierss.bsky.social,2025-11-03T20:32:12.036Z,at://did:plc:2rker5jsweiukz55nxst6hjk/app.bsky.feed.post/3m4qui55aw42n,2025-11-03T20:41:45.643292+00:00
Radio-Canada Grand Montr√©al:  Genevi√®ve Pettersen quitte Cogeco M√©dia ,aricierss.bsky.social,2025-11-03T20:32:11.222Z,at://did:plc:2rker5jsweiukz55nxst6hjk/app.bsky.feed.post/3m4qui4czxu2p,2025-11-03T20:41:45.643294+00:00
Radio-Canada Info:  Poulin et Gascon avec le Canada √† la S√©rie de la rivalit√© ,aricierss.bsky.social,2025-11-03T20:32:09.850Z,at://did:plc:2rker5jsweiukz55nxst6hjk/app.bsky.feed.post/3m4qui2uukp2q,2025-11-03T20:41:45.643296+00:00
Radio-Canada Info:  Genevi√®ve Pettersen quitte Cogeco M√©dia ,aricierss.bsky.social,2025-11-03T20:32:08.754Z,at://did:plc:2rker5jsweiukz55nxst6hjk/app.bsky.feed.post/3m4quhztm472q,2025-11-03T20:41:45.643297+00:00
Radio-Canada Info:  Quelques nouveaux √©lus aux conseils de la Baie-des-Chaleurs ,aricierss.bsky.social,2025-11-03T20:32:07.235Z,at://did:plc:2rker5jsweiukz55nxst6hjk/app.bsky.feed.post/3m4quhygtlc2e,2025-11-03T20:41:45.643299+00:00
Canadian : why would I do that? My kettle is for tea and boiling water for ramen and cup of noodle soup. (Clearly there's a reason for this that I'm not getting because of my Canada-ness.),jlphistory.bsky.social,2025-11-03T20:31:57.163Z,at://did:plc:aiurkag6pxfch6xpncahtwyw/app.bsky.feed.post/3m4quhor3js2c,2025-11-03T20:41:45.643301+00:00
"Le Canada cherche un nouveau BFF: face √† l'hostilit√© de Donald Trump, Ottawa veut r√©duire sa d√©pendance aux √âtats-Unis üëâ bit.ly/4hHd9dU",slatefr.bsky.social,2025-11-03T20:31:50.058Z,at://did:plc:o26ppwqjh6e3bxfvn73mjh4v/app.bsky.feed.post/3m4quhi5ci42w,2025-11-03T20:41:45.643302+00:00
"Integrating nekton communities, salt pool dynamics, and fish foraging patterns to assess salt marsh restoration success in Maritime Canada  https://www.biorxiv.org/content/10.1101/2025.10.31.685895v1 ",biorxiv-ecology.bsky.social,2025-11-03T20:31:49+00:00,at://did:plc:ksb5atwqm5aqyq3zfqlvtxyb/app.bsky.feed.post/3m4quhh7jd72q,2025-11-03T20:41:45.643304+00:00
"Integrating nekton communities, salt pool dynamics, and fish foraging patterns to assess salt marsh restoration success in Maritime Canada  https://www.biorxiv.org/content/10.1101/2025.10.31.685895v1 ",biorxivpreprint.bsky.social,2025-11-03T20:31:48+00:00,at://did:plc:bxpaash7iceqjiur5bt7xntr/app.bsky.feed.post/3m4quhgxj562n,2025-11-03T20:41:45.643306+00:00
"This is theft of public assets. 

Why gift these people with a 50 year deal? 

Same corruption as in a Dirty Doug Ford deal. 

www.cbc.ca/news/canada/...",consbegone.bsky.social,2025-11-03T20:31:47.124Z,at://did:plc:o6efcxeemtroyo6jfworilno/app.bsky.feed.post/3m4quhf6ots2e,2025-11-03T20:41:45.643308+00:00
"#ivehaditpodcast: News: SENILE Trump's DISASTER 60 Minutes #cbsnews Interview! Says He's MORE HANDSOME Than Mamdani?!?"" üòÇüòÇüòÇ
#jimmykimmellive.bsky.social 
#colbertlateshow #SNL
#bsky.social #cbcgem #canada
#democrats.org
#Southpark 

youtu.be/yvZ0sFN3C4E?...",nafala25.bsky.social,2025-11-03T20:31:33.318Z,at://did:plc:smaittialkvz2tuggtt4vd63/app.bsky.feed.post/3m4qugxzhe22x,2025-11-03T20:41:45.643309+00:00
"üåê INTERNACIONAL | El viaje tambi√©n incluy√≥ encuentros con l√≠deres de Brasil y Canad√°, centrados en aranceles y acuerdos comerciales, mientras que India estuvo ausente de la cumbre.
 üîó https://f.mtr.cool/zcfmszdygm",virtualnotmx.bsky.social,2025-11-03T20:31:14.476660Z,at://did:plc:ryngh6fg2uudhyj25mn3zgoi/app.bsky.feed.post/3m4quggbk3r2e,2025-11-03T20:41:45.643311+00:00
"Gurdwara Dukh Nivaran Sahib, Surrey, BC, Canada

#Canada",canada-cambot.bsky.social,2025-11-03T20:31:13Z,at://did:plc:kdmhcb4wmrqzqg6hn2ps55t4/app.bsky.feed.post/3m4qughvx4524,2025-11-03T20:41:45.643313+00:00
"La #Su√®de est un partenaire majeur sur le plan √©conomique et s√©curitaire, un alli√© de l‚Äô #OTAN et un √âtat #arctique, explique un communiqu√© du Bureau de la gouverneure g√©n√©rale du Canada. www.rcinet.ca/regard-sur-a...",eyeonthearctic.bsky.social,2025-11-03T20:30:29.289Z,at://did:plc:36jpkeznunjdcr6fuoawmfx7/app.bsky.feed.post/3m4quf2xf3c2z,2025-11-03T20:41:45.643317+00:00
Good deep dive on why it‚Äôs so hard to build family sized apartments in Canada,oliver-moore.bsky.social,2025-11-03T20:30:28.733Z,at://did:plc:cqbbuyjthsvekiozryik66st/app.bsky.feed.post/3m4quf2gi2s22,2025-11-03T20:41:45.643319+00:00
"Weekly Intelligence Brief - Nov 3

üîπ Suspension of U.S.‚ÄìCanada Trade Talks    
üîπ Election Violence, Internet Blackout, & Curfew in Tanzania
üîπ Border Reinforcements Following Brazil‚Äôs Rio Mega Operation

Full details: https://ow.ly/kqXm50Xm4qT
Free trial: https://ow.ly/JOnL50XiuxR",everbridge.bsky.social,2025-11-03T20:30:21.423512459Z,at://did:plc:ddkbaygal7ebvs7cievdugnv/app.bsky.feed.post/3m4quevdbva2i,2025-11-03T20:41:45.643320+00:00
"I'm not entirely sure what y'all are upset about. We haven't had pennies in Canada for years, and it has changed literally nothing about our lives. You'll be okay, I promise.",hey-nunya-business.bsky.social,2025-11-03T20:30:19.523Z,at://did:plc:c37scchrohj5stahjwz5wjze/app.bsky.feed.post/3m4querncyk2a,2025-11-03T20:41:45.643322+00:00
"Getting rid of the penny is sensible, and Canada managed it fine. Just stopping production without any kind of guidance, on the other hand, is a problem. Not at all surprising that this administration can't govern, but it's still astounding how bad they all are at absolutely everything.",enotsola.bsky.social,2025-11-03T20:30:19.360Z,at://did:plc:qmysechfiyvaob5ftlniz4yi/app.bsky.feed.post/3m4queridss2i,2025-11-03T20:41:45.643324+00:00
"""Defence Spending as a Catalyst for Innovation ‚Äî and How to Avoid the Dual-Use Mirage""

New editorial for CSPC's Editorial Series on Defence spending as a catalyst for R&D in Canada: https://sciencepolicy.ca/posts/defence-spending-as-a-catalyst-for-innovation-and-how-to-avoid-the-dual-use-mirage/",sciencepolicy.ca,2025-11-03T20:30:13.401535325Z,at://did:plc:lfoeyllap3g2wxrdivxrpi2p/app.bsky.feed.post/3m4quemix3j2f,2025-11-03T20:41:45.643326+00:00
MRU Cougars earn Canada West men's soccer crown in dramatic fashion calgaryherald.com/sports/mru-c...,calgaryherald.com,2025-11-03T20:30:11.061Z,at://did:plc:wz2qyzl4g547jhajifdzkfq2/app.bsky.feed.post/3m4quejqvti25,2025-11-03T20:41:45.643327+00:00
'I don't know what'll happen': Young Canadians anxiously await federal budget after Carney warns of 'sacrifices' theprovince.com/news/canada/...,theprovince.com,2025-11-03T20:30:10.868Z,at://did:plc:josbhgmdah7asnx3vuxeq2wd/app.bsky.feed.post/3m4quejkzv62v,2025-11-03T20:41:45.643329+00:00
"On Wednesday, the U.S. Supreme Court will hear oral arguments on whether some of Trump‚Äôs tariffs are legal, including ones on Canada, China, Mexico, and the rest of the world.",foreignpolicy.com,2025-11-03T20:30:09.758Z,at://did:plc:m5mauk2a3xu2j5nbjbzifm4z/app.bsky.feed.post/3m4quejlwem2e,2025-11-03T20:41:45.643331+00:00
"this like, say, an A&W US and A&W Canada situation, where the two companies apparently *are* completely separate (even the menu is different, iirc) and just share some trademarks / root beer?",jbfink.bsky.social,2025-11-03T20:29:58.406Z,at://did:plc:u6up2oj2lk4lup4ezrpm3cl5/app.bsky.feed.post/3m4que5iuwc2c,2025-11-03T20:41:45.643332+00:00
"""A second [UCP] member of the Alberta legislature is facing a citizen petition to recall her from her job...
Pitt represents the riding of Airdrie-East, on Calgary's northern outskirts, and also serves as deputy speaker of the legislature.""
www.cbc.ca/news/canada/...",hpliszka.bsky.social,2025-11-03T20:29:43.538Z,at://did:plc:66orxu3jmp47hlh4tsjfw4ne/app.bsky.feed.post/3m4qudpd6ek2t,2025-11-03T20:41:45.643334+00:00
Could there be a better metaphor for the 2025 Blue Jays season than this? On April 10th I mailed this 2025 Season schedule magnet from Toronto to Barrie. (I never heard from the recipient and harbored some lingering judgment.) Came home from WorldSeries G6 to find this in my mailbox: 7 months later.,cjhajer.bsky.social,2025-11-03T20:29:11.888Z,at://did:plc:4rzownwkx27docvgrqucupmw/app.bsky.feed.post/3m4qucr7bnc2r,2025-11-03T20:41:45.643336+00:00
"This aligns with my thinking of what we can expect tomorrow, let‚Äôs hope so. Carney is looking at the big picture not just the next couple of years. He‚Äôs at heart an economist and understands the business models and how to bring investment to Canada. I trust it will build Canada Stronger. üá®üá¶",suze-bsky.bsky.social,2025-11-03T20:29:11.710Z,at://did:plc:fhs663ltkpdsbph3e7rkzqo3/app.bsky.feed.post/3m4qucqxudk2w,2025-11-03T20:41:45.643338+00:00
"On November 27th at 7pm ATL, the Kings-Hants Electoral District Association for the Green Party of Canada is hosting a panel discussion on threats to our democracy and solutions for change. The panel will include current GPNS Leader Anthony Edmonds.",novascotiagreens.bsky.social,2025-11-03T20:28:46.075Z,at://did:plc:wlzbs2qqnukqny4xip2hgtqd/app.bsky.feed.post/3m4qubyjn3k2c,2025-11-03T20:41:45.643339+00:00
"Suicune, Reshiram, and Genesect from Mega Evoulution - Phantasmal Flames will be a store promo for USA, Canada, Australia and New Zealand.",technology-news.bsky.social,2025-11-03T20:28:45.797746+00:00,at://did:plc:fsftz5ue2bvlvkb6zx2bqdnh/app.bsky.feed.post/3m4qubydtit2l,2025-11-03T20:41:45.643341+00:00
Heed the words that Americans didn't went offered by Kamala Harris! She called it spot on! PP is made in the image of Trump politically that is! This man can never be charged with a responsibility of leading Canada! 86 this guy before he becomes relevant in his sewer of politics!,xm4290746.bsky.social,2025-11-03T20:28:32.780Z,at://did:plc:qtlnf53y4pb543ew2f76o2ls/app.bsky.feed.post/3m4qubltrrs2h,2025-11-03T20:41:45.643343+00:00
Because the UCP hates Canada?,docp386.bsky.social,2025-11-03T20:28:30.269Z,at://did:plc:gwk464ndgugm2mn4luxaxcq2/app.bsky.feed.post/3m4qubjh5n22q,2025-11-03T20:41:45.643344+00:00
Canada got rid of pennies years ago. It is a good idea but one that should be passed by Congress. With rules put into place for rounding when cash is used.,redshan.bsky.social,2025-11-03T20:28:30.146Z,at://did:plc:resa6d4k5ygnvqlu5w3vavz4/app.bsky.feed.post/3m4qubjdgik2o,2025-11-03T20:41:45.643346+00:00
Similar view from Canada,jkholmes.bsky.social,2025-11-03T20:28:09.905Z,at://did:plc:bee75jpgazwafbvum2heno3s/app.bsky.feed.post/3m4quavzow22x,2025-11-03T20:41:45.643348+00:00
" I joined Dr. Cynthia Miller-Idriss at Carleton University in #OttawaCentre to explore these challenges, and why listening, learning, and standing up for our values is more important than ever to keep Canada strong.",yasirnaqvicdn.bsky.social,2025-11-03T20:27:56.433Z,at://did:plc:eywakmz4dabroc2sehjcdjri/app.bsky.feed.post/3m4quaj6ko22r,2025-11-03T20:41:45.643349+00:00
"In last meetings with Childrens' Aid Society case worker, boy was very thin (weight of a 6yr old), crying. Caseworker got a promotion, no one followed up. 

Boy later died in hospital. Foster parents now on trial for murder.

www.cbc.ca/news/canada/...",nbdatapoints.bsky.social,2025-11-03T20:27:53.255Z,at://did:plc:b2d4bll66skwj7ddqi6l4ou7/app.bsky.feed.post/3m4quag5m4s2b,2025-11-03T20:41:45.643351+00:00
CANADA AND MEXICO COULD USA PLEASE GET FOOD AID?,susanp57.bsky.social,2025-11-03T20:27:39.215Z,at://did:plc:hvyw5wc7b574lpya6p5mdzqj/app.bsky.feed.post/3m4qu7yr47k2w,2025-11-03T20:41:45.643353+00:00
"BTW, this is why I was getting pissed when right of center dems were assuming that if Canada became a state, it would mean more dems. Meanwhile most centrist and some normal oldschool conservative Canadians are to the left of them and would start their own party.",yvalarevolution.bsky.social,2025-11-03T20:27:17.008Z,at://did:plc:2lfsjnkcmffehlbz5bwijhlh/app.bsky.feed.post/3m4qu7dlfos2c,2025-11-03T20:41:45.643355+00:00
"""We should all aspire to his high spirit of camaraderie, charity and kindness."" RIP GREG NEWBY, Project Gutenberg CEO, Internet pioneer, accessible books hero. www.theglobeandmail.com/canada/artic...",libarbarian.bsky.social,2025-11-03T20:27:06.359Z,at://did:plc:24z5qkouzarui4tgabvht3ix/app.bsky.feed.post/3m4qu6zghas2j,2025-11-03T20:41:45.643357+00:00
"J‚Äôai rejoint la Dre Cynthia Miller-Idriss √† l‚ÄôUniversit√© Carleton, dans #OttawaCentre, pour discuter de ces d√©fis et de l‚Äôimportance d‚Äô√©couter, d‚Äôapprendre et de d√©fendre nos valeurs, plus que jamais afin de garder le Canada fort.",yasirnaqvicdn.bsky.social,2025-11-03T20:26:44.883Z,at://did:plc:eywakmz4dabroc2sehjcdjri/app.bsky.feed.post/3m4qu6ewzmk2r,2025-11-03T20:41:45.643359+00:00
"Join me in asking the Canada Pension Plan Investment Board to protect our pensions and the climate and stop investing in oil, gas, coal and pipelines. A legal case is already underway. It‚Äôs time to stop investing in fossil fuels and recommit to net-zero. win.newmode.net/shiftaction/...",sharonx11.bsky.social,2025-11-03T20:26:23.369Z,at://did:plc:bnods7z5qgcadbmc4sv4gios/app.bsky.feed.post/3m4qu5qgitc2i,2025-11-03T20:41:45.643361+00:00
"Os Estados Unidos enfrentam uma Emerg√™ncia criada por seu pr√≥prio presidente | by Lawrence O'Donnell do MSNBC
..............................................................
Post: 2 out 2025 | Canad√° Di√°rio üá®üá¶ 
................
Link: youtube.com/shorts/aG2u5...",urutau.bsky.social,2025-11-03T20:26:21.901Z,at://did:plc:eb4kdej7dmpdzedot2u7ys7z/app.bsky.feed.post/3m4qu5ozv3s23,2025-11-03T20:41:45.643362+00:00
I just don‚Äôt get WHY all of Canada is not outraged with the Supreme Court of Canada . Why NOT ALL PROVINCES . To use a Hypothetical event to strike down Minimum Sentence is unintelligent. ChildPorn Canada Crime Judges,jbnewt.bsky.social,2025-11-03T20:26:05.495Z,at://did:plc:go6lnimas6bzfthjvcaulmya/app.bsky.feed.post/3m4qu57fke22t,2025-11-03T20:41:45.643364+00:00
"As the world races for clean‚Äëtech and defence minerals, Canada steps up to cut China‚Äôs dominance of rare earths. A pivotal move in the global supply‚Äëchain chess game. 
https://bit.ly/4qvoMbI",theobserveruk.bsky.social,2025-11-03T20:26:03.453687499Z,at://did:plc:g5jg224cmwnrg5yfdqtuya2b/app.bsky.feed.post/3m4qu55jwbb2e,2025-11-03T20:41:45.643366+00:00
Especially since we've seen it diverge already in 2025. Canada and Argentina and Norway had pro-incumbent swings. Ireland and India and the Netherlands had anti-incumbent swings. A trend that's good for one year only isn't much of a trend.,andycraig.bsky.social,2025-11-03T20:25:55.413Z,at://did:plc:73t3muu2pudsajp7a2fj3aly/app.bsky.feed.post/3m4qu4vrd3223,2025-11-03T20:41:45.643368+00:00
"A passenger has died after a late night collision on the Trans-Canada Highway near Nanaimo Sunday night, according to RCMP.",cheknews.ca,2025-11-03T20:25:42Z,at://did:plc:wcbklqh2lyspt3oypwvrudl7/app.bsky.feed.post/3m4qu4kt7iw2d,2025-11-03T20:41:45.643370+00:00
"Congrats to #northvan on a new outdoor pool!   Sadly the ‚Å¶‚Ä™@CityofVancouver‚Ä¨‚Å© can‚Äôt even fund basic maintenance for pools let alone plan a new one. #vanpoli 

www.cbc.ca/news/canada/...",eastsidedads.bsky.social,2025-11-03T20:25:02.991Z,at://did:plc:vdayeukow4kc6x32dcm4ttwm/app.bsky.feed.post/3m4qu3drkos2u,2025-11-03T20:41:45.643372+00:00
"I'm pretty proud of the way Carney handles himself during speeches and on the world stage, so far. I don't see many other choices for leadership but I guess there could be! 

The notwithstanding clause is the greatest threat to canada in all of it's history, and the cons are drooling to use it.",hopeagainsthope.bsky.social,2025-11-03T20:25:00.309Z,at://did:plc:qbruj5d5xw3qqorquiq34a7q/app.bsky.feed.post/3m4qu3b7pkc2h,2025-11-03T20:41:45.643374+00:00
"Well, at least someone is trying to point out the Trump & GOP Shit Show.
Maybe, if Congress actually showed up to worked & did something, Canada wouldn't need to point out the obvious. Sooo, Scotty, get your ass beamed up.",justneedtosay.bsky.social,2025-11-03T20:24:44.869Z,at://did:plc:ucmenw4nvznclzezczyh63mn/app.bsky.feed.post/3m4qu2sijgc2y,2025-11-03T20:41:45.643376+00:00
Too late for SK. Our govt is bought and paid for by the oil and gas industry. www.cbc.ca/news/canada/...,redshan.bsky.social,2025-11-03T20:24:34.218Z,at://did:plc:resa6d4k5ygnvqlu5w3vavz4/app.bsky.feed.post/3m4qu2idi2k2o,2025-11-03T20:41:45.643378+00:00
"Naw I'm Finnish but living in Canada, and I've noticed myself saying eh more and more...",josianne.bsky.social,2025-11-03T20:24:29.040Z,at://did:plc:reoyzaybayginewg4yf7oysl/app.bsky.feed.post/3m4qu2dfggs2d,2025-11-03T20:41:45.643380+00:00
"ü§£ü§£ü§£ Say what you will #Canada, I‚Äôm just relieved he didn‚Äôt hookup with a woman 20-30 years his junior ü§®

Diplo Posts Selfie With Justin Trudeau, Katy Perry After Claiming He Dated Both - TMZ",chocolatefire.bsky.social,2025-11-03T20:24:28.465Z,at://did:plc:seulgagz3hgwzspe2hltm4kx/app.bsky.feed.post/3m4qu2ctvvc2h,2025-11-03T20:41:45.643382+00:00
"Isn't anyone in Canada interested in Harper's taxes? Or how much taxes did any Conservative in Poilievre's shadow cabinet pay? 

I wonder, if Danielle  Smith or Doug Ford are on that Capitalist Nomad list? üòÅ

Ok, no.. I don't wonder üôÉ",borasca0107.bsky.social,2025-11-03T20:24:11.615Z,at://did:plc:iudfffjzp7vl57drh2wj4fnn/app.bsky.feed.post/3m4qtzsross23,2025-11-03T20:41:45.643384+00:00
"In #Canada, the costs of #refugee #healthcare have increased substantially, from $66M in 2016-17 to an estimated $821M in 2025-26. That‚Äôs an increase of over 1,200%. #liberals #accountability
Source: Canada's Interim Federal Health Program",ninjazz636.bsky.social,2025-11-03T20:23:30.502Z,at://did:plc:jkrktyzj2ps7snvlqqkkm2gk/app.bsky.feed.post/3m4qtyll2es2p,2025-11-03T20:41:45.643385+00:00
"One of my grandfathers wanted to fly during WW2. US army air corps was only taking college educated people to train to fly. So he went to Canada and trained with the Royal Air Force. After Pearl Harbor, America took him so he ended up fighting fascism for 2 countries. I have his wings from Canada.",laurabeth73.bsky.social,2025-11-03T20:23:11.473Z,at://did:plc:z3jzgyx5shywuwt72m6lqf6c/app.bsky.feed.post/3m4qtxzgbg22s,2025-11-03T20:41:45.643388+00:00
"Radio-Canada Info:  Rock, hip-hop, atmosph√®re : trois nouvelles radios musicales sur Radio-Canada OHdio ",aricierss.bsky.social,2025-11-03T20:23:08.000Z,at://did:plc:2rker5jsweiukz55nxst6hjk/app.bsky.feed.post/3m4qtxwc3wz2x,2025-11-03T20:41:45.643389+00:00
"Canada named MOST RESPECTED COUNTRY IN THE WORLD!
Effective govts, an appealing environment & an advanced economy were the main categories for the survey
Questions to respondents range from how a country is admired to their trust & overall sentiments towards that country #cdnpoli",widowspique.bsky.social,2025-11-03T20:22:39.935Z,at://did:plc:r7bkg77kc7uylm7ouilfvqqg/app.bsky.feed.post/3m4qtx3dxhs2o,2025-11-03T20:41:45.643391+00:00
"Joly says Canada launching dispute process against Stellantis 

www.bnnbloomberg.ca/business/com...",jeremybusiness.bsky.social,2025-11-03T20:22:25.675Z,at://did:plc:m3iriaw3kd5tj7gkyuapdg3r/app.bsky.feed.post/3m4qtwnqnrs2v,2025-11-03T20:41:45.643393+00:00
"Bombardier/Saab already work together with the GlobalEye system. Sweden, Ukraine and soon maybe more (France, Germany, South Korea...Canada). NORAD is one thing but even the members of 5eyes are nervous about the USA now. Good to have the other options lined up",gebnor.bsky.social,2025-11-03T20:22:13.174Z,at://did:plc:7scpv33qqdzqkyxxoq5dyep4/app.bsky.feed.post/3m4qtwbt4sc27,2025-11-03T20:41:45.643395+00:00
"This Jeffrey Epstein saga is weighing heavily on me right now, having spent 15 years working with kids who were victims of sexual abuse. I had hope in 1990 with the Report on Child Sexual Abuse in Canada was released. The report was commissioned by the Canadian Canadian Government at the time.",raedeeton.bsky.social,2025-11-03T20:21:30.036Z,at://did:plc:fw7nfyu73qekvpkioowgugpy/app.bsky.feed.post/3m4qtuyotpc2t,2025-11-03T20:41:45.643397+00:00
"Great initiative, and a great opportunity to increase trade between Sweden and Canada. The best part, it's a real kick in Trump's by far the biggest section of his body.",itautra.bsky.social,2025-11-03T20:21:28.605Z,at://did:plc:yz33vvmomyruv72fk3empe35/app.bsky.feed.post/3m4qtuxcyf22y,2025-11-03T20:41:45.643399+00:00
"Pretty good trick. How Carney got Trump to switch his description of the US/Canada relationship from a ""conflict"" to ""competitive""
www.tiktok.com/@andre_yeu/v...",suzannekettley.bsky.social,2025-11-04T03:11:38.564Z,at://did:plc:3en5jbs6rh5tbcx2l4mvtb7c/app.bsky.feed.post/3m4rksf7gfk23,2025-11-04T03:12:36.416408+00:00
"üéµ Edmund Fitzgerald üéµ
#Michigan
#EdmundFitzgerald
#WXsky
#MIwx
#FolkMusic
#GordonLightfoot
#Canada",freedom2b.cryptoanarchy.network,2025-11-04T03:11:36.209Z,at://did:plc:utqxrdib4tk6yjhderqhw44a/app.bsky.feed.post/3m4rkscxmkc2n,2025-11-04T03:12:36.416426+00:00
"For context, Canada has a population of just over 40 million. 

""World Series Game 7 is the most-watched Rogers broadcast ever, with an average audience of 10.9 million viewers.""

about.rogers.com/news-ideas/w...",whitneystrouth.bsky.social,2025-11-04T03:11:12.294Z,at://did:plc:3aiybgcaj4xsbl67lbadzfwf/app.bsky.feed.post/3m4rkrm5o5k2y,2025-11-04T03:12:36.416429+00:00
"And USA-Canada might quickly develop into such a situation. Things are changing quickly.

But that's very different from arguing that USA-Canada is currently a society of workers and capitalists. It's a class society organized around commodity production no doubt.",molossus-spondee.bsky.social,2025-11-04T03:10:51.478Z,at://did:plc:msve5lvhkeivfe36c6txgqvz/app.bsky.feed.post/3m4rkqycf2c22,2025-11-04T03:12:36.416431+00:00
I mean Smith is not wrong that people are still free to answer ‚Äúno‚Äù to this question so it may not be a slam dunk for Canada either. We will see.,alexboyd.bsky.social,2025-11-04T03:10:38.252Z,at://did:plc:rjspzqrhmfeusqsputssv6yw/app.bsky.feed.post/3m4rkqloqzs2d,2025-11-04T03:12:36.416434+00:00
"The gov't of Canada ""jobs board"" that spams all the EI recipients is ridiculous.

""Cloud Architect"", in-person workplace with a commute, $19/hr? FFS. Don't waste my electrons on that.",johannab.cosocial.ca.ap.brid.gy,2025-11-04T03:09:36.000Z,at://did:plc:gupume2jka4q3iys722aboed/app.bsky.feed.post/3m4rkpg2ngsm2,2025-11-04T03:12:36.416435+00:00
"I am frankly more worried about america than I am about canada.

These military escapades are going to bankrupt them.

And that's the least of it.",barrycooke.bsky.social,2025-11-04T03:09:30.861Z,at://did:plc:xxdhrqz2pcmxzpnxkwbahyga/app.bsky.feed.post/3m4rkolg5j224,2025-11-04T03:12:36.416437+00:00
"There are almost one million illegal immigrants from Canada, Europe and Australia in the United States, close to 10% of illegals here. How come no one is going after them, too..?

#rise #resist #fight",jaysqwazz.bsky.social,2025-11-04T03:09:24.379Z,at://did:plc:utdrhysercltzxme5fnrksb2/app.bsky.feed.post/3m4rkofadgk2i,2025-11-04T03:12:36.416439+00:00
"At this point, I wish he‚Äôd just go away so we can be rid of him taking up so much real estate in our brains and dominating every day‚Äôs news cycle, dictating in ways that affect our economy here in Canada, etc. 

Always hoping for Tim Miller‚Äôs ‚ÄúHamburger from Hell‚Äù or something of that nature. üôè",martinrayner.bsky.social,2025-11-04T03:09:18.409Z,at://did:plc:lvm56rdpwaumi3jezsqesky4/app.bsky.feed.post/3m4rko7k5e225,2025-11-04T03:12:36.416441+00:00
"This boils my blood.  Seasoned paddlers can get lost up there.  How about a compromise, all those that can navigate through the boundary waters can get automatic citizenship if they sign up for 4 years of military duty?  If you can make it from Canada to Minnesota via BWCA, then you are a badass.",pluvialpeppermint.bsky.social,2025-11-04T03:08:53.665Z,at://did:plc:hrnvs3l272cetfjc3w7u4smt/app.bsky.feed.post/3m4rknhwzc22i,2025-11-04T03:12:36.416443+00:00
"Ummmm? üò≥ 

‚ÄúIn order to assure the defence of Canada üá®üá¶ against domestic threats ranging from a low-intensity natural disaster response to high-intensity large scale combat operations.
ottawacitizen.com/public-servi...",alsolearning.bsky.social,2025-11-04T03:08:46.191Z,at://did:plc:ojidikrufjpjorac4lkwjwti/app.bsky.feed.post/3m4rknasyg22f,2025-11-04T03:12:36.416445+00:00
www.cbc.ca/news/canada/...,brendanmcaleer.bsky.social,2025-11-04T03:08:21.418Z,at://did:plc:oflxphwgzzoigmnxrt2ve6fu/app.bsky.feed.post/3m4rkmj6w3c2k,2025-11-04T03:12:36.416446+00:00
"Why Ian Furness and not Everett Fitzhugh on KHN TV tonight (for John Forslund doing Prime in Canada)?
ü§∑‚Äç‚ôÇÔ∏è",wtfresca.bsky.social,2025-11-04T03:07:47.173Z,at://did:plc:ayafbbkh6v4ikfvhhow7jo4l/app.bsky.feed.post/3m4rklijtp22h,2025-11-04T03:12:36.416448+00:00
"If US ambassador to Canada Pete Hoekstra keeps behaving as he has, the Canadian government will surely have to call him in for a formal rebuke. And if we don't, it will be a choice of discretion over valour, a sign that we have been cowed.",chrisdornan.bsky.social,2025-11-04T03:06:34.547Z,at://did:plc:znq4ivuvldeipki6mcid4qfd/app.bsky.feed.post/3m4rkjdbhuk2h,2025-11-04T03:12:36.416450+00:00
"well if  bvd  and few other can come into my  country canada and  under cut  the big three  and have as good or  better product  ,  its a no brainer .   also i noticed way more hybrids and full ev  driving around  .  they all have  the  light bar   in front like tron  üòÜ",scoobydoobie.bsky.social,2025-11-04T03:04:46.853Z,at://did:plc:2v3vztg6yptu5gzmu4hcw7nz/app.bsky.feed.post/3m4rkg4kvx227,2025-11-04T03:12:36.416452+00:00
"Any Hip fans out there?  This is great music, pick an album.
My friend says they‚Äôre ‚Äú like the Stones if they were from Canada‚Ä¶but better!‚Äù",randydouglas.bsky.social,2025-11-04T03:04:24.105Z,at://did:plc:ok7qbvr75h24eo7gc6z3smjy/app.bsky.feed.post/3m4rkfgvcn222,2025-11-04T03:12:36.416454+00:00
"They're pretty much only in the DC and Chicago areas, with a couple exceptions in the South. Looks like Canada had a 15 year head start.",plateromephit.bsky.social,2025-11-04T03:03:45.858Z,at://did:plc:i7l4tmrzevrcdivqjnn2hgny/app.bsky.feed.post/3m4rkecfjik2o,2025-11-04T03:12:36.416455+00:00
Do not let Elon or his propeller heads anywhere near the voting machines. Advice from Canada. ‚ù§Ô∏èüá®üá¶,jujudocto.bsky.social,2025-11-04T03:03:43.667Z,at://did:plc:q6txl7a7ym5he7cjich7qyoh/app.bsky.feed.post/3m4rkeacmuk2l,2025-11-04T03:12:36.416457+00:00
Get prepared for Trump to attempt to invade Canada and Mexico?,tamracbag.bsky.social,2025-11-04T03:03:18.954Z,at://did:plc:k7ciwf3x2iozzhg6aloee2to/app.bsky.feed.post/3m4rkdiqi2k2s,2025-11-04T03:12:36.416459+00:00
"David Vemb from Canada took our photo of the day: ""Sunset on Buckhorn Lake"", in Ontario, Canada.
havanatimes.org/news/sunset-...",havanatimes.bsky.social,2025-11-04T03:03:03.344Z,at://did:plc:4w2zmbqzuvykdofuiltxgm4m/app.bsky.feed.post/3m4rkczu2ws2r,2025-11-04T03:12:36.416461+00:00
"""Steady strength and quiet strategy can still triumph over noise."" PM Mark Carney is changing the global role of Canada and re-shaing trade.  youtu.be/8cM-pR3_uAw?...",rosannan.bsky.social,2025-11-04T03:02:53.215Z,at://did:plc:wwbowe7waed5lxgwcqhj4rr7/app.bsky.feed.post/3m4rkcq6ycs2k,2025-11-04T03:12:36.416463+00:00
"David Vemb de Canad√° tom√≥ nuestra foto del d√≠a: ""Atardecer por el Lago Buckhorn"" en Ontario, Canad√°.
havanatimesenespanol.org/noticias/ata...",havanatimes.bsky.social,2025-11-04T03:02:12.620Z,at://did:plc:4w2zmbqzuvykdofuiltxgm4m/app.bsky.feed.post/3m4rkbji4r22r,2025-11-04T03:12:36.416464+00:00
"#Alberta #Canada 

youtu.be/6gdjwXUBeS8?...",glendaaus.bsky.social,2025-11-04T03:01:16.622Z,at://did:plc:d4pncxab5ftzhxcaarjo4ctd/app.bsky.feed.post/3m4rk7u377k2x,2025-11-04T03:12:36.416466+00:00
"Colborne Port in Ontario, Canada.

#Canada",canada-cambot.bsky.social,2025-11-04T03:01:08Z,at://did:plc:kdmhcb4wmrqzqg6hn2ps55t4/app.bsky.feed.post/3m4rk7potwy22,2025-11-04T03:12:36.416468+00:00
"@albertaucp.bsky.social    Said it before and will always say, this is the MOST corrupt and incompetent government in Albertas history. All are traitors to Alberta and Canada. Fuck you Smith, you piece of shit. #FireTheUCP",iamcanadian87.bsky.social,2025-11-04T03:00:44.508Z,at://did:plc:iqo635xycqxnts7jvvymf5qc/app.bsky.feed.post/3m4rk6vheps24,2025-11-04T03:12:36.416470+00:00
"Aurora Forecast Update for 2025-11-04T03:00:16Z

EXTENDED WARNING: Geomagnetic K-index of 4 expected
Extension to Serial Number: 5134
Valid From: 2025 Nov 02 1711 UTC
Now Valid Until: 2025 Nov 04 0900 UTC
Warning Condition: Persistence
Additional Details Here.",aurora.nws-bot.us,2025-11-04T03:00:19+00:00,at://did:plc:mipe5ygdz7hst7g5xcyy6ice/app.bsky.feed.post/3m4rk65rd7u2o,2025-11-04T03:12:36.416472+00:00
"US Joins Canada, Switzerland, Japan, Germany, Belgium in Global Tourism Tsunami ‚Äì Daily News Roundup: Shocking Declines, Visa-Free Frenzy, and Flight Chaos, New Update

https://www.byteseu.com/1509771/

Home ¬ª America Travel News ¬ª US Joins Canada, Switzerland, Japan, Germany, Belgium in Global ‚Ä¶",byteseu.bsky.social,2025-11-04T03:00:14+00:00,at://did:plc:5zww7zorx2ajw7hqrhuix3ba/app.bsky.feed.post/3m4rk63kvkb22,2025-11-04T03:12:36.416473+00:00
"What a treat to hear Isabel Wilkerson's on CBC Radio's Ideas tonight! This was the talk she gave at McGill University in Montreal, Quebec, Canada as their 2025 Beatty Lecturer last month. /1",lylamiklos.bsky.social,2025-11-04T03:00:05.760Z,at://did:plc:7aqfeinps2wv3ypbfcfrnpwa/app.bsky.feed.post/3m4rk5qiqxs22,2025-11-04T03:12:36.416475+00:00
"Hey, Dr. Pepper has Canada Dry, so I'm all in",darkentity.bsky.social,2025-11-04T03:00:04.187Z,at://did:plc:zwa22d245tcgk3oivfkwbynj/app.bsky.feed.post/3m4rk5oymwk2t,2025-11-04T03:12:36.416477+00:00
"A human being would have left with some small sort of attempt at dignity after losing his own seat while also losing the federal election. It's PP first, Canada second.",barbsbilly.bsky.social,2025-11-04T03:00:00.101Z,at://did:plc:sei7kr5rtygogopdoordxrsp/app.bsky.feed.post/3m4rk5l3xoc2b,2025-11-04T03:12:36.416479+00:00
"#3dprinting This is so fucking cool! Printing silicone directly instead of using injection molds could be game changing in a lot of arenas.

Dang, I might have to get a Prusa printer down the road. After Canada, anyway.",jayebunny.bsky.social,2025-11-04T02:59:30.452Z,at://did:plc:jb34dgjox5wynr2iensoykke/app.bsky.feed.post/3m4rk4ot5l22y,2025-11-04T03:12:36.416481+00:00
after tonight there will only be a single Liberal provincial government in Canada,elizapallas.bsky.social,2025-11-04T02:59:24.641Z,at://did:plc:ltgnmxhhvaj7f7qpmybgeowk/app.bsky.feed.post/3m4rk4jbsrc2h,2025-11-04T03:12:36.416483+00:00
"Radio-Canada Grand Montr√©al:  Le pouvoir de persuasion de St-Louis, le succ√®s de Newhook ",aricierss.bsky.social,2025-11-04T02:59:09.868Z,at://did:plc:2rker5jsweiukz55nxst6hjk/app.bsky.feed.post/3m4rk43bymn2g,2025-11-04T03:12:36.416485+00:00
"I agree with you. Canada cannot afford him. Especially because not only is he wasting taxpayers money, but he's harmful to Canada and Canadians. Both young and old. Wow.",loryanne.bsky.social,2025-11-04T02:58:45.458Z,at://did:plc:el5u6pm6ml27lig7lym7e7q7/app.bsky.feed.post/3m4rk3dvz5c2s,2025-11-04T03:12:36.416487+00:00
Americans claim to be patriotic. Canadians show it by wearing poppies. Canada also fought a lot more of WWI and WWII than the Americans did.,chadrubel.bsky.social,2025-11-04T02:58:40.533Z,at://did:plc:5g4guj77iz47qf5xca6xmbca/app.bsky.feed.post/3m4rk377sis2e,2025-11-04T03:12:36.416491+00:00
"Some people had good reasons to need to flee to a non-extradition country.  Jews fearing to be stuck behind the Iron Curtain, for example.

Of course, those people also had other alternatives such as Canada or the USA.",sam-demeo.bsky.social,2025-11-04T02:58:39.585Z,at://did:plc:eo53k2vaedknd5o7nrijsj73/app.bsky.feed.post/3m4rk36crs22b,2025-11-04T03:12:36.416493+00:00
Thank you. I appreciate Canada.üçÅ‚ù§Ô∏è,msmaura.bsky.social,2025-11-04T02:58:20.704Z,at://did:plc:xbxispyufmdyjjymwbjasyf4/app.bsky.feed.post/3m4rk2mcmc226,2025-11-04T03:12:36.416495+00:00
Cove Soda raised $15M Series A led by Vanterra Ventures to fuel expansion and new flavors. The Halifax zero‚Äësugar soda is in 7k+ retail doors and struck a distribution deal with KDP Canada. ü•§üí∞ https://www.bevnet.com/pr/2025/11/03/cove-soda-raises-series-a-led-by-vanterra-ventures,bevnet.com,2025-11-04T02:57:54.995Z,at://did:plc:3jtzfj5hax2fh2mep5g63542/app.bsky.feed.post/3m4rjztw4fj2d,2025-11-04T03:12:36.416496+00:00
"House of El - Mark Carney‚Äôs Most DELICATE Moment as PM - Nov 3, 2025

Sometimes leadership isn‚Äôt about defiance, but about discernment. When Mark Carney apologized to Trump for an ad Canada didn‚Äôt even make, the world saw weakness. But what if it was actually strength?

youtu.be/NLjuBQfB1hI?...",grumpygeek4sure.bsky.social,2025-11-04T02:57:49.869Z,at://did:plc:76fbmu72wezdnsk5k4is4osa/app.bsky.feed.post/3m4rjzovlyc2c,2025-11-04T03:12:36.416498+00:00
"Pas moyen de visionner tranquillement un clip d'archives de Radio-Canada sans se faire matraquer par une pub de T√©l√©-Qu√©bec sur St√©phan Bureau.

Les algorithmes de YouTube. ü§¨",francoisgravel1.bsky.social,2025-11-04T02:57:45.315Z,at://did:plc:jvdmmgosimfzjkrxpo55jnm2/app.bsky.feed.post/3m4rjzkktkk2i,2025-11-04T03:12:36.416500+00:00
Don't bother. I've had enough of Rosemary Barton's pro-PP bias and Ian Hanomansing romancing the idea of Canada becoming the 51st state.,chriswoodwriter.bsky.social,2025-11-04T02:57:27.571Z,at://did:plc:o3rvzaukebbc3gs6ctvbxa2i/app.bsky.feed.post/3m4rjyzn4ls2l,2025-11-04T03:12:36.416502+00:00
"EA Sports FC 26 Launches Technical Playtest for Future Football¬†Experience

Electronic Arts has launched a new technical playtest for EA Sports FC 26, beginning November 3, 2025. The closed beta invites select players from the United Kingdom, the United States, and Canada to test an early build of‚Ä¶",twistedvoxel.com,2025-11-04T02:57:13Z,at://did:plc:miaq24qhv5odcqji5y7xtfkg/app.bsky.feed.post/3m4rjymq6ls2e,2025-11-04T03:12:36.416504+00:00
"Thank you. Our little bubble/community is alright but yes, everything is traumatic down here & we‚Äôre not immune. (We‚Äôre in the streets, as you know). Keeping all options on the table. Canada is always great to us.",reluctantranger.bsky.social,2025-11-04T02:56:47.828Z,at://did:plc:p4bqtrymhi5obxd3k323fncy/app.bsky.feed.post/3m4rjxtqa3s2o,2025-11-04T03:12:36.416505+00:00
It isn't my list - Amyl & The Sniffers aren't on there either. Or Halestorm - Lzzy Hale is a phenom.  Lots of ladies bringing the heat.  Lindsay Sterling is pretty wicked too - violin wildness - Apocalypta too - cello - those last three just completed a big tour of US/Canada that looked like fun.,theunrepentables.bsky.social,2025-11-04T02:56:43.901Z,at://did:plc:c7bxdzw7monhuzzhfjyo2jbu/app.bsky.feed.post/3m4rjxpyf5226,2025-11-04T03:12:36.416507+00:00
It‚Äôs such total bullshit. We‚Äôre not moving to Canada if Trump wins ( we‚Äôre still here! just pissed off) and we‚Äôre not moving to New Jersey or Bum-f-ck Massachusetts either. The wealthy won‚Äôt live anywhere else because they can afford it & the rest will soon discover how much better they now have it,mactnive.bsky.social,2025-11-04T02:56:37.919Z,at://did:plc:lqy3w5giny64tytdruuyybx3/app.bsky.feed.post/3m4rjxkbtdk2p,2025-11-04T03:12:36.416509+00:00
"Canadian Shoppers Shift Toward Purposeful Holiday Spending. Read the full story:üëáÔ∏è


#RetailNews #Canada #BusinessInsights
retail-insider.com/retail-insid...",retailinsider.bsky.social,2025-11-04T02:56:37Z,at://did:plc:tga4vspjwratvffwbbs5ig7u/app.bsky.feed.post/3m4rjxpblzh2b,2025-11-04T03:12:36.416511+00:00
"Radio-Canada Info:  Le pouvoir de persuasion de St-Louis, le succ√®s de Newhook ",aricierss.bsky.social,2025-11-04T02:56:10.365Z,at://did:plc:2rker5jsweiukz55nxst6hjk/app.bsky.feed.post/3m4rjwq4fit2f,2025-11-04T03:12:36.416512+00:00
He‚Äôll forget about it soon enough. He was going to take Greenland and make Canada a state too.,slapassmcclanahan.bsky.social,2025-11-04T02:55:49.158Z,at://did:plc:ulfktmqk7cwspfsykxf2wilu/app.bsky.feed.post/3m4rjw3rr6c23,2025-11-04T03:12:36.416514+00:00
"For sure.
I definitely agree standards need a rethink.
And it would be excellent for Canadian municipalities to accept testing of materials & equipment when tested elsewhere in Canada, vastly reducing local ‚Äúinterpretation‚Äù of codes.
Better yet: accept testing done by reputable agencies, anywhere.",kdbnicol.bsky.social,2025-11-04T02:55:28.354Z,at://did:plc:xbtpzwsnulp5bmo4fp4fkx3u/app.bsky.feed.post/3m4rjvhwurc2b,2025-11-04T03:12:36.416516+00:00
"Canada celebrated Thanksgiving in October, so... It's Time! hahaha #Christmas www.google.com/search?clien...",modernmaven.bsky.social,2025-11-04T02:55:08.008Z,at://did:plc:z4chll7ppkzcaearqfhpnczq/app.bsky.feed.post/3m4rjuujym22w,2025-11-04T03:12:36.416517+00:00
Okay...........I just learned there's an Ontario in California. Isn't it interesting that my brain started assuming ICE had gone into Canada to do traffic stops?  That I actually thought they would do that?......I should shut up.  They may be reading this and getting ideas.,greengrace.bsky.social,2025-11-04T02:55:06.711Z,at://did:plc:qpaii5uknedtph7mpvyhwklz/app.bsky.feed.post/3m4rjutcgy22k,2025-11-04T03:12:36.416519+00:00
"Bessent & his boss said  Canada was interfering in US govt elections with the Reagan ad, yet it was the US govt that wanted to claim Canada as a 51 state during our elections. #Canadaisnotforsale",bffvolcano1.bsky.social,2025-11-04T02:55:03.699Z,at://did:plc:wk7j2fx5xbex2yr25ku5obhd/app.bsky.feed.post/3m4rjuqgils2m,2025-11-04T03:12:36.416521+00:00
#fungifriends #mushrooms #nature #ontario #canada,s0lacium.bsky.social,2025-11-04T02:55:01.588Z,at://did:plc:2fbdrjbuz4tol4otoxgbqhxx/app.bsky.feed.post/3m4rjuogrjs2o,2025-11-04T03:12:36.416523+00:00
"Says it all‚Ä¶

#Canada
#TorontoBlueJays",sorry-iamcanadian.bsky.social,2025-11-04T02:54:25.630Z,at://did:plc:4zhs7rbmbrjyblozh3zqt7is/app.bsky.feed.post/3m4rjtm57hk2w,2025-11-04T03:12:36.416524+00:00
"huh. TIL: there is a ‚Äúfour corners‚Äù place in Canada, like there is more famously in the USA, where Utah, Colorado, Arizona and New Mexico meet.

But ours is automatically cooler, figuratively and literally*, because it is a: at 60¬∞ Latitude, and b [‚Ä¶] 

[Original post on mstdn.chrisalemany.ca]",chris.mstdn.chrisalemany.ca.ap.brid.gy,2025-11-04T02:54:08.000Z,at://did:plc:uxj5ihyuzrgxmuvjeanl57ys/app.bsky.feed.post/3m4rjvfyfxzu2,2025-11-04T03:12:36.416526+00:00
That‚Äôs a busy pumpkin drop off #yycbike www.ctvnews.ca/calgary/arti...,calgaryk.bsky.social,2025-11-04T02:54:07.615Z,at://did:plc:tplrv5bcwigirugqtnh5haqd/app.bsky.feed.post/3m4rjt2x3x22w,2025-11-04T03:12:36.416528+00:00
Good luck from Canada üá®üá¶!!!,m2cents.bsky.social,2025-11-04T02:54:05.917Z,at://did:plc:23enoo2o3pwy7sx7lt3a3ixh/app.bsky.feed.post/3m4rjszd3v22f,2025-11-04T03:12:36.416530+00:00
"It's so depressing. If anyone does need up to date info and can't quite stomach the wayback approach, Canada does still have that covered www.canada.ca/en/public-he...",aliibarry.bsky.social,2025-11-04T02:53:43.482Z,at://did:plc:nuhxu6zygadidyhaxvc4g4j7/app.bsky.feed.post/3m4rjsdwhok2n,2025-11-04T03:12:36.416532+00:00
"They did the same to Trump‚Äôs latest Canada tariffs. It still has to pass the House, which it won‚Äôt likely do.",mindfield.bsky.social,2025-11-04T02:53:28.994Z,at://did:plc:azjbwnjaocqlsiwsibzaq4o3/app.bsky.feed.post/3m4rjrw4cbc2g,2025-11-04T03:12:36.416533+00:00
He‚Äôs the Ted Cruz of Canada.,bsdtectr.bsky.social,2025-11-04T02:53:27.097Z,at://did:plc:sue3wyenmq7qabgwgr4bcgx3/app.bsky.feed.post/3m4rjrucgpc2c,2025-11-04T03:12:36.416535+00:00
I mean look at Carney mobilizing wonky Canadian nationalism only to turn around and shred the social safety net while giving everything away to extraction corps. That's Canada right there and I'm not sure what people were waving flags about,lidsville.bsky.social,2025-11-04T02:53:24.161Z,at://did:plc:gwfpi54w3f7swapcaejl6qku/app.bsky.feed.post/3m4rjrritjc2k,2025-11-04T03:12:36.416537+00:00
"Dogs aren‚Äôt pets, they‚Äôre familyüë®‚Äçüë©‚Äçüëß‚Äçüë¶üê∂ Less people, more dogs üêï
Ask for menu üëáüëá
t.me/dogkntbby
w.app/9o328k

#zoophilia #zoopride #zooarevalid
#dogknot #dogsex #zoopositivity #knotty #k9 #beastiallity #Florida #Canada #Berlin #madrid #TVRepublika #zoofila #zoogirl
#Animalsex",doggoddezz.bsky.social,2025-11-04T02:52:57.637Z,at://did:plc:rq3n2j6zf4ztpjohd5ffj3tm/app.bsky.feed.post/3m4rjqy7ows2y,2025-11-04T03:12:36.416539+00:00
"he wants to invade Greenland, Canada, Venezuela, and Mexico?

those Epstein Files must be terrible",sleepycongressman.bsky.social,2025-11-04T02:52:46.914Z,at://did:plc:xitfxq453argln2npmln42k4/app.bsky.feed.post/3m4rjqnyagc2z,2025-11-04T03:12:36.416540+00:00
"I understand your position.
These are tough times.  Canada shares a longer border with Russia than Ukraine does.  All boy scouts are taught to be prepared. Putin is a madman.

www.theguardian.com/world/2025/o...",robppm319.bsky.social,2025-11-04T02:52:35.994Z,at://did:plc:hzf2nulapi3qopmrojv7nxwo/app.bsky.feed.post/3m4rjqdkuhc2s,2025-11-04T03:12:36.416542+00:00
Le Canada est exhort√© √† emp√™cher les armes canadiennes d‚Äôalimenter la guerre au Soudan,mediasca.skyfleet.blue,2025-11-04T02:52:34.671Z,at://did:plc:swhavnqrtvhstcm275j242my/app.bsky.feed.post/3m4rjqckj6t2a,2025-11-04T03:12:36.416544+00:00
"I got in a couple of day trips and one two-night hiking vacation this year. 

I really need to plan better. I'm running out of years where I can count on good health and fitness.

Also I hope we're not at war with Canada next year.",stefanejones.bsky.social,2025-11-04T02:52:20.942Z,at://did:plc:xu4bb6qjr5m7p5pr77aw5ozp/app.bsky.feed.post/3m4rjpv7jac2a,2025-11-04T03:12:36.416546+00:00
"Lol!!  At least there are leaves on the ground in Canada.  Here in San Diego, landscapers constantly use them blowing mostly . . . nothing!",chuckbad.bsky.social,2025-11-04T02:51:12.325Z,at://did:plc:dcbsfhyjgfnn573nmy5i5sud/app.bsky.feed.post/3m4rjntrme227,2025-11-04T03:12:36.416547+00:00
"Progressive political coverage from Teen Vogue began to grab headlines a decade ago, in the Obama-era of progressive stupefaction + celebrity worship. Teen Vogue came as a good shock esp here in magazine-starved Canada. I hope its success will be carefully studied.",rahat.bsky.social,2025-11-04T02:51:05.614Z,at://did:plc:wwcxtnhlxae4cqncwxpjcow7/app.bsky.feed.post/3m4rjnneqos2n,2025-11-04T03:12:36.416549+00:00
"ACARS Message From: C-FZUG / RV1937 

Message: HELLO RELATIVLY SMOOTH CLIMB. WIND SPEED INCREARE BETWEEN 14000-FL200 WAS FROM 40KTS TO 130KTS. 

Track Aircraft: https://www.flightradar24.com/C-FZUG 

Area: Meaford, ON, Canada 

#acars #vdlm2 #CFZUG #RV1937",acarsdrama.bsky.social,2025-11-04T02:51:05+00:00,at://did:plc:i6m5urtifwvjqv4bfytcwslt/app.bsky.feed.post/3m4rjnnjdsx2z,2025-11-04T03:12:36.416551+00:00
"I just don't see having a polite chat about colonialism's pros and cons, given the way this country was brutally stolen from the First Peoples. Agree on forestry, but don't think there are upsides. Canada is in many ways not a real country, just 3 colonial resource sectors in a trenchcoat",lidsville.bsky.social,2025-11-04T02:51:03.929Z,at://did:plc:gwfpi54w3f7swapcaejl6qku/app.bsky.feed.post/3m4rjnlrc7c2c,2025-11-04T03:12:36.416552+00:00
CANADA had between 10-11 million viewers. Even we beat the NBA which is ~1:4 of us - 25%,zencan.bsky.social,2025-11-04T02:50:47.459Z,at://did:plc:lxdfykcelaz7advi3pexhtcx/app.bsky.feed.post/3m4rjn42nak2b,2025-11-04T03:12:36.416554+00:00
"Oh but no she was at Mara Lago with separatist O‚ÄôLeary helping Canada! 
This needs to end",mlm7.bsky.social,2025-11-04T02:50:43.355Z,at://did:plc:cvrunbpcpboqw7h6tagv6byq/app.bsky.feed.post/3m4rjmy5fgk2b,2025-11-04T03:12:36.416556+00:00
Best wishes from Canada üçÅyou would be considered a moderate here ‚ò∫Ô∏è,suetwodogs.bsky.social,2025-11-04T02:50:33.747Z,at://did:plc:mdfe6oknnuapec2j5wq6sfua/app.bsky.feed.post/3m4rjmoy7ls2z,2025-11-04T03:12:36.416558+00:00
"Bye Bye United Airlines- 

Looking into Where Air Canada Flies ‚ù§Ô∏èüíô‚ù§Ô∏è",betsywth.bsky.social,2025-11-04T02:50:07.913Z,at://did:plc:ht2vlnd2euprsmtfwivtnjqe/app.bsky.feed.post/3m4rjlwdt3c24,2025-11-04T03:12:36.416559+00:00
"‚ÄúThe numbers show that Canary Mission‚Äôs Canadian profiles disproportionately target women and racialized people‚Ä¶. For comparison, only about a quarter of the adult female population in Canada identifies as part of a visible minority‚Äù
Can confirm, interesting club to be in
@ricochetmedia.bsky.social",susankimyyj.bsky.social,2025-11-04T02:49:52.141Z,at://did:plc:2lbitjlnaqsbgnrxfsvbrgs3/app.bsky.feed.post/3m4rjlhcjpk2j,2025-11-04T03:12:36.416561+00:00
"We're now about one Fox News story away from Trump goons Bessent, Lutnick, and Vought sidling up to any nation considering doing a trade deal with Canada and telling them that doing so would not be in their best interests, capisce?",chrisdornan.bsky.social,2025-11-04T02:49:12.764Z,at://did:plc:znq4ivuvldeipki6mcid4qfd/app.bsky.feed.post/3m4rjkbucws2h,2025-11-04T03:12:36.416563+00:00
"Yukon Votes 2025: Live election results



#cbc #cbc-top-stories #Canada ",scrubfire84.bsky.social,2025-11-04T02:48:30.319901+00:00,at://did:plc:bnk5d72upa2mfzwglo6ynbs3/app.bsky.feed.post/3m4rjizd2kw2b,2025-11-04T03:12:36.416564+00:00
Do they ship to Canada? ü§û,denizb33.bsky.social,2025-11-04T02:48:24.476Z,at://did:plc:n4qfdtdy5uye43xhu6gxf4lf/app.bsky.feed.post/3m4rjitp5fs2u,2025-11-04T03:12:36.416567+00:00
#USPOL #USA #us #uspoli #poli #politics #cdnpoli #canada #MidasMighty #america #Politics-matter #PoliticsNation #WokeAF #Ethics #Justice #SocialJustice #LongerTables #DemocraticSocialist #Ecosocialism #Socialist #socialism #LeftIsBest #ClassConsciousness #FalseConsciousness #abolishcapitalism,robduncan.bsky.social,2025-11-04T02:48:22.776Z,at://did:plc:ig6dnt4tqgg7iwwtywx3bkvd/app.bsky.feed.post/3m4rjis3d7c2f,2025-11-04T03:12:36.416568+00:00
"While I think they should stay in Canada or choose a location overseas, I highly doubt a bunch of vaccinated Boomers are bringing measles back to Canada. 

The vaccination rate for those 60+ in Canada is 94 to 99%. The older the Canadian, the more likely they are to be fully vaxxed.",kikkiplanet.bsky.social,2025-11-04T02:48:13.476Z,at://did:plc:76jyrns4xobe54ooggvj3seq/app.bsky.feed.post/3m4rjij7i7224,2025-11-04T03:12:36.416570+00:00
I love Canada and Canadians!,c-a-m-i-l-l-e.bsky.social,2025-11-04T02:48:04.398Z,at://did:plc:vbyeaa2qg5ibqx5wlssmdh5o/app.bsky.feed.post/3m4rjiakpqs2m,2025-11-04T03:12:36.416572+00:00
"That's 3 oil rich nations he's made his threats against now starting with #Canada, #Venezuela with has the largest oil reserves in the world and now #Nigeria. 

I guess those blank #ExecutiveOrders, THEY wrote and Trump signed sight unseen in exchange for campaign donations are finally paying off üá®üá¶",stacescases2.bsky.social,2025-11-04T02:47:31.684Z,at://did:plc:76e4qryfph6q4wmz3li6v2l6/app.bsky.feed.post/3m4rjhbeeic2p,2025-11-04T03:12:36.416574+00:00
"An EMBARRASSMENT? Really? When he's poised to invade Venezuela, take over Canada and Greenland, take over Panama, and send the US army into Mexico? An EMBARRASSMENT? ü§¶‚Äç‚ôÇÔ∏è",adventurist.bsky.social,2025-11-04T02:47:27.451Z,at://did:plc:gx2nijd7q7cdfpf5id3zf53p/app.bsky.feed.post/3m4rjh5cuwk2x,2025-11-04T03:12:36.416576+00:00
IYKYK from our friend in Canada.,debrreed.bsky.social,2025-11-04T02:47:25.103Z,at://did:plc:hhyceunvxxs6ughz22dffuc5/app.bsky.feed.post/3m4rjh33ets2e,2025-11-04T03:12:36.416578+00:00
#USPOL #USA #us #uspoli #poli #politics #cdnpoli #canada #MidasMighty #Politics-matter #PoliticsNation #america #anticapitalism #anticapitalist #capitalismkills #killCapitalism #capitalism #abolishcapitalism #fuckcapitalism #SocialJustice #ethics #ClassConsciousness #WokeAF #FalseConsciousness,robduncan.bsky.social,2025-11-04T02:47:17.673Z,at://did:plc:ig6dnt4tqgg7iwwtywx3bkvd/app.bsky.feed.post/3m4rjgtyj3c2f,2025-11-04T03:12:36.416579+00:00
"Hurontario St, Collingwood, ON, Canada

#Canada",canada-cambot.bsky.social,2025-11-04T02:47:12Z,at://did:plc:kdmhcb4wmrqzqg6hn2ps55t4/app.bsky.feed.post/3m4rjgr76g42h,2025-11-04T03:12:36.416583+00:00
"Advent Calendars manufactured in Canada now available at ShopCanadianStuff.ca  Some are chocolates but also things like wine, cleaning supplies, candles and coffee:
shopcanadianstuff.ca/advent-calendars-made-in-canada/

#BuyCanadian #CanadaSky #ShopCanadian #Canada #Canadian #TradeWar #ElbowsUp",shopcanadianstuff.bsky.social,2025-11-04T02:46:16.812Z,at://did:plc:svw3xtegli5kzp77wehhylod/app.bsky.feed.post/3m4rjezx6j22j,2025-11-04T03:12:36.416585+00:00
I had to read it a couple times to figure it out. I was so confused why ICE agents were in Canada.,deetoriadee.bsky.social,2025-11-04T02:46:03.827Z,at://did:plc:7prtrhf4gi2sj7dv4zioczuy/app.bsky.feed.post/3m4rjenkvts27,2025-11-04T03:12:36.416587+00:00
American thanksgiving hype is so weird to me. The most that Canada does for ours is throw the turkeys on sale. ü•¥,probablymilhouse.bsky.social,2025-11-04T02:46:03.742Z,at://did:plc:2yj6cjcktzl4ektu22hu4urb/app.bsky.feed.post/3m4rjenibuc2c,2025-11-04T03:12:36.416589+00:00
Wake up Canada üëÜ,60below.bsky.social,2025-11-04T02:45:38.214Z,at://did:plc:ku4fwpkzwvxf4xxzof4kmr42/app.bsky.feed.post/3m4rjdv5b5k2i,2025-11-04T03:12:36.416591+00:00
Maybe 1 here in Canada... Saw a Sakura Nendroid doll in a store the other day that was $118... on sale... Still sad I had to put it back...,theyuricanon.bsky.social,2025-11-04T02:45:37.773Z,at://did:plc:fuf6zvzyf55arn4wtjea7eql/app.bsky.feed.post/3m4rjduprj22l,2025-11-04T03:12:36.416593+00:00
unfortunately we don‚Äôt seem to have it here in Canada. I can buy from Walmart but it‚Äôs $50 a bottle üò≥,carliesholyground.swifties.social,2025-11-04T02:45:37.702Z,at://did:plc:ewpkpn45do5t5zvd4u2mu7bk/app.bsky.feed.post/3m4rjdunm6c2r,2025-11-04T03:12:36.416595+00:00
"Canada Post stamp this Remembrance Day will feature a Canadian Sikh soldier with the grave of Buckam Singh in the background. He was one of ten Sikh soldiers who were allowed to enlist to fight for Canada during the First World War, foraging a path of service and inclusion.

youtu.be/Xl7CEc3VCIc?...",arvindsingh55.bsky.social,2025-11-04T02:45:11.325Z,at://did:plc:mnuvt2wyenuktflaa3k2pjy6/app.bsky.feed.post/3m4rjd3iqcs2g,2025-11-04T03:12:36.416597+00:00
"ABA should be banned btw. Full stop. Federal ban in Canada with no provincial exceptions. Find ways to help autistic kids that aren't just fucking abusing them and calling it ""help"".",sinfulqt.bsky.social,2025-11-04T02:43:53.544Z,at://did:plc:sukzzt423f2uysgpylirmyy5/app.bsky.feed.post/3m4rjarcxes25,2025-11-04T03:12:36.416599+00:00
PotisEdge Earns Tier 1 Status for Energy Storage for Sixth Quarter in a Row #Canada #Vancouver #Energy_Storage #BNEF #PotisEdge,newsen.bsky.social,2025-11-04T02:43:18Z,at://did:plc:hslirr7h6d7livppaxty435b/app.bsky.feed.post/3m4rj7rfuvc2j,2025-11-04T03:12:36.416600+00:00
"Canada will start dispute resolution process over Stellantis jobs lost to U.S., Joly says
Industry minister says Ottawa wants to recover some of the billions it's committed to automaker
www.cbc.ca/news/canada/...",dave1agar.bsky.social,2025-11-04T02:43:12.235Z,at://did:plc:nibu4sqcfd7upw7kxgb5nt5g/app.bsky.feed.post/3m4rj7jwfic2f,2025-11-04T03:12:36.416602+00:00
"ACARS Message From: C-GLQD / P32275 

Message: PLZ TELL RAMP OUR NEW ETA IS 0312Z 

Track Aircraft: https://www.flightradar24.com/C-GLQD 

Area: Meaford, ON, Canada 

#acars #vdlm2 #CGLQD #P32275",acarsdrama.bsky.social,2025-11-04T02:43:05+00:00,at://did:plc:i6m5urtifwvjqv4bfytcwslt/app.bsky.feed.post/3m4rj7dt54u2s,2025-11-04T03:12:36.416604+00:00
"In Canada they say, ""Elbows up!""",somethinkdiff.bsky.social,2025-11-04T02:42:52.480Z,at://did:plc:vsuxgylj3i2end6pecbzpp5v/app.bsky.feed.post/3m4rj6x3hk22f,2025-11-04T03:12:36.416606+00:00
Air Canada had free wifi on a flight recently. Total scam with these airlines.,tjfinan.org,2025-11-04T02:41:45.409Z,at://did:plc:u2hifugv7mflrt2qa4qxzbyw/app.bsky.feed.post/3m4rj4x4mjc2z,2025-11-04T03:12:36.416608+00:00
"Questrade secures approval to launch a bank in Canada
www.cbc.ca/news/busines...",dave1agar.bsky.social,2025-11-04T02:41:28.692Z,at://did:plc:nibu4sqcfd7upw7kxgb5nt5g/app.bsky.feed.post/3m4rj4h6hd22f,2025-11-04T03:12:36.416610+00:00
